log_id;complaint_id;status;status_date
1;1;Submitted;2020/01/15
2;2;Submitted;2020/01/22
3;3;Submitted;2020/02/10
4;4;Submitted;2020/02/18
5;5;Submitted;2020/03/05
6;1;In Progress;2020/01/17
7;1;Resolved;2020/01/23
8;2;In Progress;2020/01/24
9;2;Resolved;2020/02/02
10;3;In Progress;2020/02/12
11;3;Resolved;2020/02/15
12;4;In Progress;2020/02/21
13;4;Resolved;2020/02/28
14;6;Submitted;2020/03/12
15;7;Submitted;2020/03/20
16;8;Submitted;2020/04/08
17;9;Submitted;2020/04/15
18;10;Submitted;2020/05/03
19;5;In Progress;2020/03/08
20;5;Resolved;2020/03/18
21;6;In Progress;2020/03/15
22;6;Resolved;2020/03/22
23;7;In Progress;2020/03/22
24;7;Resolved;2020/03/24
25;8;In Progress;2020/04/11
26;8;Resolved;2020/04/19
27;9;In Progress;2020/04/18
28;9;Resolved;2020/04/29
29;10;In Progress;2020/05/06
30;10;Resolved;2020/05/18
31;11;Submitted;2020/05/18
32;12;Submitted;2020/06/02
33;13;Submitted;2020/06/14
34;14;Submitted;2020/07/09
35;15;Submitted;2020/07/22
36;11;In Progress;2020/05/21
37;11;Resolved;2020/05/28
38;12;In Progress;2020/06/05
39;12;Resolved;2020/06/12
40;13;In Progress;2020/06/16
41;13;Resolved;2020/06/20
42;14;In Progress;2020/07/12
43;14;Resolved;2020/07/26
44;15;In Progress;2020/07/25
45;15;Resolved;2020/08/03
46;16;Submitted;2020/08/11
47;17;Submitted;2020/08/25
48;18;Submitted;2020/09/12
49;19;Submitted;2020/09/28
50;20;Submitted;2020/10/15
51;16;In Progress;2020/08/14
52;16;Resolved;2020/08/21
53;17;In Progress;2020/08/28
54;17;Resolved;2020/09/08
55;18;In Progress;2020/09/15
56;18;Resolved;2020/09/27
57;19;In Progress;2020/09/30
58;19;Resolved;2020/10/02
59;20;In Progress;2020/10/18
60;20;Resolved;2020/10/25
61;21;Submitted;2020/10/29
62;22;Submitted;2020/11/16
63;23;Submitted;2020/11/30
64;24;Submitted;2020/12/08
65;25;Submitted;2020/12/22
66;21;In Progress;2020/11/02
67;21;Resolved;2020/11/12
68;22;In Progress;2020/11/19
69;22;Resolved;2020/12/05
70;23;In Progress;2020/12/03
71;23;Resolved;2020/12/15
72;24;In Progress;2020/12/11
73;24;Resolved;2020/12/18
74;25;In Progress;2020/12/24
75;25;Resolved;2021/01/03
76;26;Submitted;2021/01/11
77;27;Submitted;2021/01/25
78;28;Submitted;2021/02/14
79;29;Submitted;2021/03/01
80;30;Submitted;2021/03/18
81;26;In Progress;2021/01/14
82;26;Resolved;2021/01/25
83;27;In Progress;2021/01/28
84;27;Resolved;2021/02/05
85;28;In Progress;2021/02/17
86;28;Resolved;2021/03/15
87;29;In Progress;2021/03/04
88;29;Resolved;2021/03/12
89;30;In Progress;2021/03/21
90;30;Resolved;2021/04/01
91;31;Submitted;2021/04/02
92;32;Submitted;2021/04/19
93;33;Submitted;2021/05/06
94;34;Submitted;2021/05/23
95;35;Submitted;2021/06/11
96;31;In Progress;2021/04/05
97;31;Resolved;2021/04/12
98;32;In Progress;2021/04/22
99;33;In Progress;2021/05/08
100;33;Resolved;2021/05/10
101;34;In Progress;2021/05/26
102;34;Resolved;2021/06/05
103;35;In Progress;2021/06/14
104;35;Resolved;2021/06/18
105;36;Submitted;2021/06/28
106;37;Submitted;2021/07/14
107;38;Submitted;2021/07/31
108;39;Submitted;2021/08/16
109;40;Submitted;2021/09/03
110;36;In Progress;2021/07/01
111;36;Resolved;2021/07/08
112;37;In Progress;2021/07/17
113;37;Resolved;2021/07/24
114;38;In Progress;2021/08/03
115;38;Resolved;2021/08/12
116;39;In Progress;2021/08/19
117;39;Resolved;2021/09/25
118;40;In Progress;2021/09/06
119;40;Resolved;2021/09/13
120;41;Submitted;2021/09/20
121;42;Submitted;2021/10/08
122;43;Submitted;2021/10/25
123;44;Submitted;2021/11/12
124;45;Submitted;2021/11/29
125;41;In Progress;2021/09/23
126;41;Resolved;2021/10/01
127;42;In Progress;2021/10/11
128;42;Resolved;2021/10/18
129;43;In Progress;2021/10/28
130;43;Resolved;2021/11/02
131;44;In Progress;2021/11/14
132;44;Resolved;2021/11/16
133;45;In Progress;2021/12/02
134;45;Resolved;2021/12/09
135;46;Submitted;2021/12/15
136;47;Submitted;2022/01/08
137;48;Submitted;2022/01/24
138;49;Submitted;2022/02/11
139;50;Submitted;2022/02/27
140;46;In Progress;2021/12/18
141;46;Resolved;2021/12/28
142;47;In Progress;2022/01/11
143;47;Resolved;2022/01/20
144;48;In Progress;2022/01/27
145;49;In Progress;2022/02/14
146;49;Resolved;2022/03/18
147;50;In Progress;2022/03/02
148;50;Resolved;2022/03/09
149;51;Submitted;2022/03/15
150;52;Submitted;2022/04/01
151;53;Submitted;2022/04/18
152;54;Submitted;2022/05/05
153;55;Submitted;2022/05/22
154;51;In Progress;2022/03/18
155;51;Resolved;2022/03/29
156;52;In Progress;2022/04/04
157;53;In Progress;2022/04/21
158;53;Resolved;2022/04/26
159;54;In Progress;2022/05/08
160;54;Resolved;2022/05/15
161;55;In Progress;2022/05/24
162;55;Resolved;2022/05/26
163;56;Submitted;2022/06/08
164;57;Submitted;2022/06/25
165;58;Submitted;2022/07/12
166;59;Submitted;2022/07/29
167;60;Submitted;2022/08/15
168;56;In Progress;2022/06/11
169;56;Resolved;2022/06/18
170;57;In Progress;2022/06/28
171;58;In Progress;2022/07/15
172;58;Resolved;2022/07/19
173;59;In Progress;2022/08/01
174;60;In Progress;2022/08/18
175;60;Resolved;2022/08/25
176;61;Submitted;2022/09/01
177;62;Submitted;2022/09/18
178;63;Submitted;2022/10/05
179;64;Submitted;2022/10/22
180;65;Submitted;2022/11/08
181;61;In Progress;2022/09/04
182;61;Resolved;2022/09/14
183;62;In Progress;2022/09/21
184;62;Resolved;2022/10/28
185;63;In Progress;2022/10/08
186;63;Resolved;2022/10/15
187;64;In Progress;2022/10/25
188;64;Resolved;2022/11/01
189;65;In Progress;2022/11/11
190;65;Resolved;2022/11/14
191;66;Submitted;2022/11/25
192;67;Submitted;2022/12/12
193;68;Submitted;2022/12/29
194;69;Submitted;2023/01/15
195;70;Submitted;2023/02/01
196;66;In Progress;2022/11/28
197;66;Resolved;2022/12/02
198;67;In Progress;2022/12/15
199;68;In Progress;2023/01/02
200;68;Resolved;2023/01/08
201;69;In Progress;2023/01/18
202;70;In Progress;2023/02/04
203;70;Resolved;2023/02/11
204;71;Submitted;2023/02/18
205;72;Submitted;2023/03/07
206;73;Submitted;2023/03/24
207;74;Submitted;2023/04/10
208;75;Submitted;2023/04/27
209;71;In Progress;2023/02/21
210;71;Resolved;2023/03/02
211;72;In Progress;2023/03/10
212;72;Resolved;2023/04/15
213;73;In Progress;2023/03/27
214;74;In Progress;2023/04/13
215;74;Resolved;2023/04/16
216;75;In Progress;2023/04/30
217;75;Resolved;2023/05/02
218;76;Submitted;2023/05/14
219;77;Submitted;2023/05/31
220;78;Submitted;2023/06/17
221;79;Submitted;2023/07/04
222;80;Submitted;2023/07/21
223;76;In Progress;2023/05/17
224;76;Resolved;2023/05/24
225;77;In Progress;2023/06/03
226;78;In Progress;2023/06/20
227;78;Resolved;2023/06/23
228;79;In Progress;2023/07/07
229;79;Resolved;2023/07/12
230;80;In Progress;2023/07/24
231;80;Resolved;2023/08/01
232;81;Submitted;2023/08/07
233;82;Submitted;2023/08/24
234;83;Submitted;2023/09/10
235;84;Submitted;2023/09/27
236;85;Submitted;2023/10/14
237;81;In Progress;2023/08/10
238;81;Resolved;2023/08/19
239;82;In Progress;2023/08/27
240;82;Resolved;2023/09/30
241;83;In Progress;2023/09/13
242;84;In Progress;2023/09/30
243;84;Resolved;2023/10/05
244;85;In Progress;2023/10/17
245;85;Resolved;2023/10/20
246;86;Submitted;2023/10/31
247;87;Submitted;2023/11/17
248;88;Submitted;2023/12/04
249;89;Submitted;2023/12/21
250;90;Submitted;2024/01/07
251;86;In Progress;2023/11/03
252;86;Resolved;2023/11/15
253;87;In Progress;2023/11/20
254;88;In Progress;2023/12/07
255;88;Resolved;2023/12/12
256;89;In Progress;2023/12/24
257;90;In Progress;2024/01/10
258;90;Resolved;2024/01/17
259;91;Submitted;2024/01/24
260;92;Submitted;2024/02/10
261;93;Submitted;2024/02/27
262;94;Submitted;2024/03/15
263;95;Submitted;2024/04/01
264;91;In Progress;2024/01/27
265;91;Resolved;2024/02/05
266;92;In Progress;2024/02/13
267;92;Resolved;2024/03/20
268;93;In Progress;2024/03/01
269;94;In Progress;2024/03/18
270;94;Resolved;2024/03/22
271;95;In Progress;2024/04/04
272;95;Resolved;2024/04/08
273;96;Submitted;2024/04/18
274;97;Submitted;2024/05/05
275;98;Submitted;2024/05/22
276;99;Submitted;2024/06/08
277;100;Submitted;2024/06/25
278;96;In Progress;2024/04/21
279;96;Resolved;2024/04/26
280;97;In Progress;2024/05/08
281;98;In Progress;2024/05/25
282;98;Resolved;2024/05/30
283;99;In Progress;2024/06/11
284;99;Resolved;2024/06/18
285;100;In Progress;2024/06/28
286;100;Resolved;2024/07/05
287;101;Submitted;2024/07/12
288;102;Submitted;2024/07/29
289;103;Submitted;2024/08/15
290;104;Submitted;2024/09/01
291;105;Submitted;2024/09/18
292;101;In Progress;2024/07/15
293;101;Resolved;2024/07/23
294;102;In Progress;2024/08/01
295;102;Resolved;2024/08/10
296;103;In Progress;2024/08/18
297;104;In Progress;2024/09/04
298;104;Resolved;2024/09/08
299;105;In Progress;2024/09/21
300;105;Resolved;2024/09/25
301;106;Submitted;2024/10/05
302;107;Submitted;2024/10/22
303;108;Submitted;2024/11/08
304;109;Submitted;2024/11/25
305;110;Submitted;2024/12/12
306;106;In Progress;2024/10/08
307;106;Resolved;2024/10/16
308;107;In Progress;2024/10/25
309;108;In Progress;2024/11/11
310;108;Resolved;2024/11/15
311;109;In Progress;2024/11/28
312;110;In Progress;2024/12/15
313;110;Resolved;2024/12/20
314;111;Submitted;2024/12/29
315;112;Submitted;2025/01/15
316;113;Submitted;2025/02/01
317;114;Submitted;2025/02/18
318;115;Submitted;2025/03/07
319;111;In Progress;2025/01/02
320;111;Resolved;2025/01/09
321;112;In Progress;2025/01/18
322;112;Resolved;2025/02/28
323;113;In Progress;2025/02/04
324;114;In Progress;2025/02/21
325;114;Resolved;2025/02/24
326;115;In Progress;2025/03/10
327;115;Resolved;2025/03/14
328;116;Submitted;2025/03/24
329;117;Submitted;2025/04/10
330;118;Submitted;2025/04/27
331;119;Submitted;2025/05/14
332;120;Submitted;2025/05/31
333;116;In Progress;2025/03/27
334;116;Resolved;2025/04/03
335;117;In Progress;2025/04/13
336;118;In Progress;2025/04/30
337;118;Resolved;2025/05/05
338;119;In Progress;2025/05/17
339;119;Resolved;2025/05/22
340;120;In Progress;2025/06/03
341;120;Resolved;2025/06/10
342;121;Submitted;2025/06/17
343;122;Submitted;2025/07/04
344;123;Submitted;2025/07/21
345;124;Submitted;2025/08/07
346;125;Submitted;2025/08/24
347;121;In Progress;2025/06/20
348;121;Resolved;2025/06/28
349;122;In Progress;2025/07/07
350;122;Resolved;2025/07/16
351;123;In Progress;2025/07/24
352;124;In Progress;2025/08/10
353;124;Resolved;2025/08/14
354;125;In Progress;2025/08/27
355;125;Resolved;2025/09/02
356;126;Submitted;2025/09/10
357;127;Submitted;2025/09/27
358;128;Submitted;2025/10/14
359;129;Submitted;2025/10/31
360;130;Submitted;2025/11/17
361;126;In Progress;2025/09/13
362;126;Resolved;2025/09/21
363;127;In Progress;2025/09/30
364;128;In Progress;2025/10/17
365;128;Resolved;2025/10/24
366;129;In Progress;2025/11/03
367;130;In Progress;2025/11/20
368;130;Resolved;2025/11/26
369;131;Submitted;2025/12/04
370;132;Submitted;2025/12/21
371;133;Submitted;2026/01/07
372;134;Submitted;2026/01/24
373;135;Submitted;2026/02/10
374;131;In Progress;2025/12/07
375;131;Resolved;2025/12/15
376;132;In Progress;2025/12/24
377;133;In Progress;2026/01/10
378;133;Resolved;2026/01/18
379;134;In Progress;2026/01/27
380;134;Resolved;2026/02/03
381;135;In Progress;2026/02/13
382;135;Resolved;2026/02/19
383;136;Submitted;2026/02/27
384;137;Submitted;2026/03/15
385;138;Submitted;2026/04/01
386;139;Submitted;2026/04/18
387;140;Submitted;2026/05/05
388;136;In Progress;2026/03/02
389;136;Resolved;2026/03/10
390;137;In Progress;2026/03/18
391;138;In Progress;2026/04/04
392;138;Resolved;2026/04/11
393;139;In Progress;2026/04/21
394;140;In Progress;2026/05/08
395;140;Resolved;2026/05/15
396;141;Submitted;2026/05/22
397;142;Submitted;2026/06/08
398;143;Submitted;2026/06/25
399;144;Submitted;2026/07/12
400;145;Submitted;2026/07/29
401;141;In Progress;2026/05/25
402;141;Resolved;2026/06/01
403;142;In Progress;2026/06/11
404;142;Resolved;2026/06/20
405;143;In Progress;2026/06/28
406;144;In Progress;2026/07/15
407;144;Resolved;2026/07/22
408;145;In Progress;2026/08/01
409;145;Resolved;2026/08/08
410;146;Submitted;2026/08/15
411;147;Submitted;2026/09/01
412;148;Submitted;2026/09/18
413;149;Submitted;2026/10/05
414;150;Submitted;2026/10/22
415;146;In Progress;2026/08/18
416;146;Resolved;2026/08/26
417;147;In Progress;2026/09/04
418;148;In Progress;2026/09/21
419;148;Resolved;2026/09/28
420;149;In Progress;2026/10/08
421;150;In Progress;2026/10/25
422;150;Resolved;2026/11/02
423;151;Submitted;2020/03/15
424;152;Submitted;2020/04/02
425;153;Submitted;2020/04/20
426;154;Submitted;2020/05/08
427;155;Submitted;2020/05/25
428;151;In Progress;2020/03/18
429;151;Resolved;2020/03/27
430;152;In Progress;2020/04/05
431;152;Resolved;2020/04/12
432;153;In Progress;2020/04/23
433;154;In Progress;2020/05/11
434;154;Resolved;2020/05/18
435;155;In Progress;2020/05/28
436;155;Resolved;2020/05/30
437;156;Submitted;2020/06/12
438;157;Submitted;2020/06/30
439;158;Submitted;2020/07/17
440;159;Submitted;2020/08/04
441;160;Submitted;2020/08/22
442;156;In Progress;2020/06/15
443;156;Resolved;2020/06/22
444;157;In Progress;2020/07/03
445;158;In Progress;2020/07/20
446;158;Resolved;2020/07/25
447;159;In Progress;2020/08/07
448;160;In Progress;2020/08/25
449;160;Resolved;2020/09/02
450;161;Submitted;2020/09/09
451;162;Submitted;2020/09/27
452;163;Submitted;2020/10/14
453;164;Submitted;2020/11/01
454;165;Submitted;2020/11/19
455;161;In Progress;2020/09/12
456;161;Resolved;2020/09/22
457;162;In Progress;2020/09/30
458;162;Resolved;2020/11/05
459;163;In Progress;2020/10/17
460;163;Resolved;2020/10/24
461;164;In Progress;2020/11/04
462;165;In Progress;2020/11/22
463;165;Resolved;2020/11/25
464;166;Submitted;2020/12/07
465;167;Submitted;2020/12/24
466;168;Submitted;2021/01/12
467;169;Submitted;2021/01/29
468;170;Submitted;2021/02/16
469;166;In Progress;2020/12/10
470;166;Resolved;2020/12/18
471;167;In Progress;2020/12/27
472;168;In Progress;2021/01/15
473;168;Resolved;2021/01/20
474;169;In Progress;2021/02/01
475;170;In Progress;2021/02/19
476;170;Resolved;2021/02/26
477;171;Submitted;2021/03/06
478;172;Submitted;2021/03/23
479;173;Submitted;2021/04/10
480;174;Submitted;2021/04/28
481;175;Submitted;2021/05/15
482;171;In Progress;2021/03/09
483;171;Resolved;2021/03/18
484;172;In Progress;2021/03/26
485;172;Resolved;2021/04/30
486;173;In Progress;2021/04/13
487;173;Resolved;2021/04/20
488;174;In Progress;2021/05/01
489;175;In Progress;2021/05/18
490;175;Resolved;2021/05/22
491;176;Submitted;2021/06/02
492;177;Submitted;2021/06/20
493;178;Submitted;2021/07/07
494;179;Submitted;2021/07/25
495;180;Submitted;2021/08/11
496;176;In Progress;2021/06/05
497;176;Resolved;2021/06/14
498;177;In Progress;2021/06/23
499;178;In Progress;2021/07/10
500;178;Resolved;2021/07/15
501;179;In Progress;2021/07/28
502;180;In Progress;2021/08/14
503;180;Resolved;2021/08/21
504;181;Submitted;2021/08/29
505;182;Submitted;2021/09/16
506;183;Submitted;2021/10/04
507;184;Submitted;2021/10/21
508;185;Submitted;2021/11/08
509;181;In Progress;2021/09/01
510;181;Resolved;2021/09/10
511;182;In Progress;2021/09/19
512;182;Resolved;2021/10/26
513;183;In Progress;2021/10/07
514;183;Resolved;2021/10/14
515;184;In Progress;2021/10/24
516;185;In Progress;2021/11/11
517;185;Resolved;2021/11/16
518;186;Submitted;2021/11/26
519;187;Submitted;2021/12/13
520;188;Submitted;2021/12/31
521;189;Submitted;2022/01/17
522;190;Submitted;2022/02/04
523;186;In Progress;2021/11/29
524;186;Resolved;2021/12/07
525;187;In Progress;2021/12/16
526;188;In Progress;2022/01/03
527;188;Resolved;2022/01/10
528;189;In Progress;2022/01/20
529;190;In Progress;2022/02/07
530;190;Resolved;2022/02/14
531;191;Submitted;2022/02/22
532;192;Submitted;2022/03/11
533;193;Submitted;2022/03/29
534;194;Submitted;2022/04/15
535;195;Submitted;2022/05/03
536;191;In Progress;2022/02/25
537;191;Resolved;2022/03/05
538;192;In Progress;2022/03/14
539;192;Resolved;2022/04/20
540;193;In Progress;2022/04/01
541;194;In Progress;2022/04/18
542;194;Resolved;2022/04/23
543;195;In Progress;2022/05/06
544;195;Resolved;2022/05/10
545;196;Submitted;2022/05/21
546;197;Submitted;2022/06/07
547;198;Submitted;2022/06/25
548;199;Submitted;2022/07/13
549;200;Submitted;2022/07/30
550;196;In Progress;2022/05/24
551;196;Resolved;2022/06/01
552;197;In Progress;2022/06/10
553;198;In Progress;2022/06/28
554;198;Resolved;2022/07/04
555;199;In Progress;2022/07/16
556;200;In Progress;2022/08/02
557;200;Resolved;2022/08/09
558;201;Submitted;2022/08/17
559;202;Submitted;2022/09/04
560;203;Submitted;2022/09/22
561;204;Submitted;2022/10/09
562;205;Submitted;2022/10/27
563;201;In Progress;2022/08/20
564;201;Resolved;2022/08/29
565;202;In Progress;2022/09/07
566;202;Resolved;2022/10/12
567;203;In Progress;2022/09/25
568;203;Resolved;2022/10/02
569;204;In Progress;2022/10/12
570;205;In Progress;2022/10/30
571;205;Resolved;2022/11/04
572;206;Submitted;2022/11/13
573;207;Submitted;2022/12/01
574;208;Submitted;2022/12/19
575;209;Submitted;2023/01/05
576;210;Submitted;2023/01/23
577;206;In Progress;2022/11/16
578;206;Resolved;2022/11/25
579;207;In Progress;2022/12/04
580;208;In Progress;2022/12/22
581;208;Resolved;2022/12/28
582;209;In Progress;2023/01/08
583;210;In Progress;2023/01/26
584;210;Resolved;2023/02/02
585;211;Submitted;2023/02/09
586;212;Submitted;2023/02/27
587;213;Submitted;2023/03/17
588;214;Submitted;2023/04/03
589;215;Submitted;2023/04/21
590;211;In Progress;2023/02/12
591;211;Resolved;2023/02/21
592;212;In Progress;2023/03/02
593;212;Resolved;2023/04/06
594;213;In Progress;2023/03/20
595;213;Resolved;2023/03/27
596;214;In Progress;2023/04/06
597;215;In Progress;2023/04/24
598;215;Resolved;2023/04/28
599;216;Submitted;2023/05/09
600;217;Submitted;2023/05/26
601;218;Submitted;2023/06/13
602;219;Submitted;2023/07/01
603;220;Submitted;2023/07/18
604;216;In Progress;2023/05/12
605;216;Resolved;2023/05/20
606;217;In Progress;2023/05/29
607;218;In Progress;2023/06/16
608;218;Resolved;2023/06/22
609;219;In Progress;2023/07/04
610;220;In Progress;2023/07/21
611;220;Resolved;2023/07/28
612;221;Submitted;2023/08/05
613;222;Submitted;2023/08/23
614;223;Submitted;2023/09/10
615;224;Submitted;2023/09/28
616;225;Submitted;2023/10/15
617;221;In Progress;2023/08/08
618;221;Resolved;2023/08/17
619;222;In Progress;2023/08/26
620;222;Resolved;2023/09/30
621;223;In Progress;2023/09/13
622;223;Resolved;2023/09/20
623;224;In Progress;2023/10/01
624;225;In Progress;2023/10/18
625;225;Resolved;2023/10/23
626;226;Submitted;2023/11/02
627;227;Submitted;2023/11/20
628;228;Submitted;2023/12/07
629;229;Submitted;2023/12/25
630;230;Submitted;2024/01/11
631;226;In Progress;2023/11/05
632;226;Resolved;2023/11/15
633;227;Submitted;2023/11/20
634;228;Submitted;2023/12/07
635;229;Submitted;2023/12/25
636;230;Submitted;2024/01/11
637;231;Submitted;2024/01/28
638;232;Submitted;2024/02/14
639;233;Submitted;2024/03/03
640;234;Submitted;2024/03/20
641;235;Submitted;2024/04/06
642;231;In Progress;2024/01/31
643;231;Resolved;2024/02/07
644;232;In Progress;2024/02/17
645;232;Resolved;2024/02/25
646;233;In Progress;2024/03/06
647;233;Resolved;2024/03/14
648;234;In Progress;2024/03/23
649;234;Resolved;2024/03/30
650;235;In Progress;2024/04/09
651;235;Resolved;2024/04/16
652;236;Submitted;2024/04/23
653;237;Submitted;2024/05/10
654;238;Submitted;2024/05/27
655;239;Submitted;2024/06/13
656;240;Submitted;2024/06/30
657;236;In Progress;2024/04/26
658;236;Resolved;2024/05/03
659;237;In Progress;2024/05/13
660;237;Resolved;2024/05/20
661;238;In Progress;2024/05/30
662;238;Resolved;2024/06/06
663;239;In Progress;2024/06/16
664;239;Resolved;2024/06/23
665;240;In Progress;2024/07/03
666;240;Resolved;2024/07/10
667;241;Submitted;2024/07/17
668;242;Submitted;2024/08/03
669;243;Submitted;2024/08/20
670;244;Submitted;2024/09/06
671;245;Submitted;2024/09/23
672;241;In Progress;2024/07/20
673;241;Resolved;2024/07/27
674;242;In Progress;2024/08/06
675;242;Resolved;2024/08/13
676;243;In Progress;2024/08/23
677;243;Resolved;2024/08/30
678;244;In Progress;2024/09/09
679;244;Resolved;2024/09/16
680;245;In Progress;2024/09/26
681;245;Resolved;2024/10/03
682;246;Submitted;2024/10/10
683;247;Submitted;2024/10/27
684;248;Submitted;2024/11/13
685;249;Submitted;2024/11/30
686;250;Submitted;2024/12/17
687;246;In Progress;2024/10/13
688;246;Resolved;2024/10/20
689;247;In Progress;2024/10/30
690;247;Resolved;2024/11/06
691;248;In Progress;2024/11/16
692;248;Resolved;2024/11/23
693;249;In Progress;2024/12/03
694;249;Resolved;2024/12/10
695;250;In Progress;2024/12/20
696;250;Resolved;2024/12/27
697;251;Submitted;2025/01/03
698;252;Submitted;2025/01/20
699;253;Submitted;2025/02/06
700;254;Submitted;2025/02/23
701;255;Submitted;2025/03/12
702;251;In Progress;2025/01/06
703;251;Resolved;2025/01/13
704;252;In Progress;2025/01/23
705;252;Resolved;2025/01/30
706;253;In Progress;2025/02/09
707;253;Resolved;2025/02/16
708;254;In Progress;2025/02/26
709;254;Resolved;2025/03/05
710;255;In Progress;2025/03/15
711;255;Resolved;2025/03/22
712;256;Submitted;2025/03/29
713;257;Submitted;2025/04/15
714;258;Submitted;2025/05/02
715;259;Submitted;2025/05/19
716;260;Submitted;2025/06/05
717;256;In Progress;2025/04/01
718;256;Resolved;2025/04/08
719;257;In Progress;2025/04/18
720;257;Resolved;2025/04/25
721;258;In Progress;2025/05/05
722;258;Resolved;2025/05/12
723;259;In Progress;2025/05/22
724;259;Resolved;2025/05/29
725;260;In Progress;2025/06/08
726;260;Resolved;2025/06/15
727;261;Submitted;2025/06/22
728;262;Submitted;2025/07/09
729;263;Submitted;2025/07/26
730;264;Submitted;2025/08/12
731;265;Submitted;2025/08/29
732;261;In Progress;2025/06/25
733;261;Resolved;2025/07/02
734;262;In Progress;2025/07/12
735;262;Resolved;2025/07/19
736;263;In Progress;2025/07/29
737;263;Resolved;2025/08/05
738;264;In Progress;2025/08/15
739;264;Resolved;2025/08/22
740;265;In Progress;2025/09/01
741;265;Resolved;2025/09/08
742;266;Submitted;2025/09/15
743;267;Submitted;2025/10/02
744;268;Submitted;2025/10/19
745;269;Submitted;2025/11/05
746;270;Submitted;2025/11/22
747;266;In Progress;2025/09/18
748;266;Resolved;2025/09/25
749;267;In Progress;2025/10/05
750;267;Resolved;2025/10/12
751;268;In Progress;2025/10/22
752;268;Resolved;2025/10/29
753;269;In Progress;2025/11/08
754;269;Resolved;2025/11/15
755;270;In Progress;2025/11/25
756;270;Resolved;2025/12/02
757;271;Submitted;2025/12/09
758;272;Submitted;2025/12/26
759;273;Submitted;2026/01/12
760;274;Submitted;2026/01/29
761;275;Submitted;2026/02/15
762;271;In Progress;2025/12/12
763;271;Resolved;2025/12/19
764;272;In Progress;2025/12/29
765;272;Resolved;2026/01/05
766;273;In Progress;2026/01/15
767;273;Resolved;2026/01/22
768;274;In Progress;2026/02/01
769;274;Resolved;2026/02/08
770;275;In Progress;2026/02/18
771;275;Resolved;2026/02/25
772;276;Submitted;2026/03/04
773;277;Submitted;2026/03/21
774;278;Submitted;2026/04/07
775;279;Submitted;2026/04/24
776;280;Submitted;2026/05/11
777;276;In Progress;2026/03/07
778;276;Resolved;2026/03/14
779;277;In Progress;2026/03/24
780;277;Resolved;2026/03/31
781;278;In Progress;2026/04/10
782;278;Resolved;2026/04/17
783;279;In Progress;2026/04/27
784;279;Resolved;2026/05/04
785;280;In Progress;2026/05/14
786;280;Resolved;2026/05/21
787;281;Submitted;2026/05/28
788;282;Submitted;2026/06/14
789;283;Submitted;2026/07/01
790;284;Submitted;2026/07/18
791;285;Submitted;2026/08/04
792;281;In Progress;2026/05/31
793;281;Resolved;2026/06/07
794;282;In Progress;2026/06/17
795;282;Resolved;2026/06/24
796;283;In Progress;2026/07/04
797;283;Resolved;2026/07/11
798;284;In Progress;2026/07/21
799;284;Resolved;2026/07/28
800;285;In Progress;2026/08/07
801;285;Resolved;2026/08/14
802;286;Submitted;2026/08/21
803;287;Submitted;2026/09/07
804;288;Submitted;2026/09/24
805;289;Submitted;2026/10/11
806;290;Submitted;2026/10/28
807;286;In Progress;2026/08/24
808;286;Resolved;2026/08/31
809;287;In Progress;2026/09/10
810;287;Resolved;2026/09/17
811;288;In Progress;2026/09/27
812;288;Resolved;2026/10/04
813;289;In Progress;2026/10/14
814;289;Resolved;2026/10/21
815;290;In Progress;2026/10/31
816;290;Resolved;2026/11/07
817;291;Submitted;2026/11/14
818;292;Submitted;2026/12/01
819;293;Submitted;2026/12/18
820;294;Submitted;2027/01/04
821;295;Submitted;2027/01/21
822;291;In Progress;2026/11/17
823;291;Resolved;2026/11/24
824;292;In Progress;2026/12/04
825;292;Resolved;2026/12/11
826;293;In Progress;2026/12/21
827;293;Resolved;2026/12/28
828;294;In Progress;2027/01/07
829;294;Resolved;2027/01/14
830;295;In Progress;2027/01/24
831;295;Resolved;2027/01/31
832;296;Submitted;2027/02/07
833;297;Submitted;2027/02/24
834;298;Submitted;2027/03/13
835;299;Submitted;2027/03/30
836;300;Submitted;2027/04/16
837;296;In Progress;2027/02/10
838;296;Resolved;2027/02/17
839;297;In Progress;2027/02/27
840;297;Resolved;2027/03/06
841;298;In Progress;2027/03/16
842;298;Resolved;2027/03/23
843;299;In Progress;2027/04/02
844;299;Resolved;2027/04/09
845;300;In Progress;2027/04/19
846;300;Resolved;2027/04/26
847;301;Submitted;2027/05/03
848;302;Submitted;2027/05/20
849;303;Submitted;2027/06/06
850;304;Submitted;2027/06/23
851;305;Submitted;2027/07/10
852;301;In Progress;2027/05/06
853;301;Resolved;2027/05/13
854;302;In Progress;2027/05/23
855;302;Resolved;2027/05/30
856;303;In Progress;2027/06/09
857;303;Resolved;2027/06/16
858;304;In Progress;2027/06/26
859;304;Resolved;2027/07/03
860;305;In Progress;2027/07/13
861;305;Resolved;2027/07/20
862;306;Submitted;2027/07/27
863;307;Submitted;2027/08/13
864;308;Submitted;2027/08/30
865;309;Submitted;2027/09/16
866;310;Submitted;2027/10/03
867;306;In Progress;2027/07/30
868;306;Resolved;2027/08/06
869;307;In Progress;2027/08/16
870;307;Resolved;2027/08/23
871;308;In Progress;2027/09/02
872;308;Resolved;2027/09/09
873;309;In Progress;2027/09/19
874;309;Resolved;2027/09/26
875;310;In Progress;2027/10/06
876;310;Resolved;2027/10/13
877;311;Submitted;2027/10/20
878;312;Submitted;2027/11/06
879;313;Submitted;2027/11/23
880;314;Submitted;2027/12/10
881;315;Submitted;2027/12/27
882;311;In Progress;2027/10/23
883;311;Resolved;2027/10/30
884;312;In Progress;2027/11/09
885;312;Resolved;2027/11/16
886;313;In Progress;2027/11/26
887;313;Resolved;2027/12/03
888;314;In Progress;2027/12/13
889;314;Resolved;2027/12/20
890;315;In Progress;2027/12/30
891;315;Resolved;2028/01/06
892;316;Submitted;2028/01/13
893;317;Submitted;2028/01/30
894;318;Submitted;2028/02/16
895;319;Submitted;2028/03/04
896;320;Submitted;2028/03/21
897;316;In Progress;2028/01/16
898;316;Resolved;2028/01/23
899;317;In Progress;2028/02/02
900;317;Resolved;2028/02/09
901;318;In Progress;2028/02/19
902;318;Resolved;2028/02/26
903;319;In Progress;2028/03/07
904;319;Resolved;2028/03/14
905;320;In Progress;2028/03/24
906;320;Resolved;2028/03/31
907;321;Submitted;2028/04/07
908;322;Submitted;2028/04/24
909;323;Submitted;2028/05/11
910;324;Submitted;2028/05/28
911;325;Submitted;2028/06/14
912;321;In Progress;2028/04/10
913;321;Resolved;2028/04/17
914;322;In Progress;2028/04/27
915;322;Resolved;2028/05/04
916;323;In Progress;2028/05/14
917;323;Resolved;2028/05/21
918;324;In Progress;2028/05/31
919;324;Resolved;2028/06/07
920;325;In Progress;2028/06/17
921;325;Resolved;2028/06/24
922;326;Submitted;2028/07/01
923;327;Submitted;2028/07/18
924;328;Submitted;2028/08/04
925;329;Submitted;2028/08/21
926;330;Submitted;2028/09/07
927;326;In Progress;2028/07/04
928;326;Resolved;2028/07/11
929;327;In Progress;2028/07/21
930;327;Resolved;2028/07/28
931;328;In Progress;2028/08/07
932;328;Resolved;2028/08/14
933;329;In Progress;2028/08/24
934;329;Resolved;2028/08/31
935;330;In Progress;2028/09/10
936;330;Resolved;2028/09/17
937;331;Submitted;2028/09/24
938;332;Submitted;2028/10/11
939;333;Submitted;2028/10/28
940;334;Submitted;2028/11/14
941;335;Submitted;2028/11/30
942;331;In Progress;2028/09/27
943;331;Resolved;2028/10/04
944;332;In Progress;2028/10/14
945;332;Resolved;2028/10/21
946;333;In Progress;2028/10/31
947;333;Resolved;2028/11/07
948;334;In Progress;2028/11/17
949;334;Resolved;2028/11/24
950;335;In Progress;2028/12/03
951;335;Resolved;2028/12/10
952;336;Submitted;2028/12/17
953;337;Submitted;2029/01/03
954;338;Submitted;2029/01/20
955;339;Submitted;2029/02/06
956;340;Submitted;2029/02/23
957;336;In Progress;2028/12/20
958;336;Resolved;2028/12/27
959;337;In Progress;2029/01/06
960;337;Resolved;2029/01/13
961;338;In Progress;2029/01/23
962;338;Resolved;2029/01/30
963;339;In Progress;2029/02/09
964;339;Resolved;2029/02/16
965;340;In Progress;2029/02/26
966;340;Resolved;2029/03/05
967;341;Submitted;2029/03/12
968;342;Submitted;2029/03/29
969;343;Submitted;2029/04/15
970;344;Submitted;2029/05/02
971;345;Submitted;2029/05/19
972;341;In Progress;2029/03/15
973;341;Resolved;2029/03/22
974;342;In Progress;2029/04/01
975;342;Resolved;2029/04/08
976;343;In Progress;2029/04/18
977;343;Resolved;2029/04/25
978;344;In Progress;2029/05/05
979;344;Resolved;2029/05/12
980;345;In Progress;2029/05/22
981;345;Resolved;2029/05/29
982;346;Submitted;2029/06/05
983;347;Submitted;2029/06/22
984;348;Submitted;2029/07/09
985;349;Submitted;2029/07/26
986;350;Submitted;2029/08/12
987;346;In Progress;2029/06/08
988;346;Resolved;2029/06/15
989;347;In Progress;2029/06/25
990;347;Resolved;2029/07/02
991;348;In Progress;2029/07/12
992;348;Resolved;2029/07/19
993;349;In Progress;2029/07/29
994;349;Resolved;2029/08/05
995;350;In Progress;2029/08/15
996;350;Resolved;2029/08/22
997;351;Submitted;2029/08/29
998;352;Submitted;2029/09/15
999;353;Submitted;2029/10/02
1000;354;Submitted;2029/10/19
1001;355;Submitted;2029/11/05
1002;351;In Progress;2029/09/01
1003;351;Resolved;2029/09/08
1004;352;In Progress;2029/09/18
1005;352;Resolved;2029/09/25
1006;353;In Progress;2029/10/05
1007;353;Resolved;2029/10/12
1008;354;In Progress;2029/10/22
1009;354;Resolved;2029/10/29
1010;355;In Progress;2029/11/08
1011;355;Resolved;2029/11/15
1012;356;Submitted;2029/11/22
1013;357;Submitted;2029/12/09
1014;358;Submitted;2029/12/26
1015;359;Submitted;2030/01/12
1016;360;Submitted;2030/01/29
1017;356;In Progress;2029/11/25
1018;356;Resolved;2029/12/02
1019;357;In Progress;2029/12/12
1020;357;Resolved;2029/12/19
1021;358;In Progress;2029/12/29
1022;358;Resolved;2030/01/05
1023;359;In Progress;2030/01/15
1024;359;Resolved;2030/01/22
1025;360;In Progress;2030/02/01
1026;360;Resolved;2030/02/08
1027;361;Submitted;2030/02/15
1028;362;Submitted;2030/03/04
1029;363;Submitted;2030/03/21
1030;364;Submitted;2030/04/07
1031;365;Submitted;2030/04/24
1032;361;In Progress;2030/02/18
1033;361;Resolved;2030/02/25
1034;362;In Progress;2030/03/07
1035;362;Resolved;2030/03/14
1036;363;In Progress;2030/03/24
1037;363;Resolved;2030/03/31
1038;364;In Progress;2030/04/10
1039;364;Resolved;2030/04/17
1040;365;In Progress;2030/04/27
1041;365;Resolved;2030/05/04
1042;366;Submitted;2030/05/11
1043;367;Submitted;2030/05/28
1044;368;Submitted;2030/06/14
1045;369;Submitted;2030/07/01
1046;370;Submitted;2030/07/18
1047;366;In Progress;2030/05/14
1048;366;Resolved;2030/05/21
1049;367;In Progress;2030/05/31
1050;367;Resolved;2030/06/07
1051;368;In Progress;2030/06/17
1052;368;Resolved;2030/06/24
1053;369;In Progress;2030/07/04
1054;369;Resolved;2030/07/11
1055;370;In Progress;2030/07/21
1056;370;Resolved;2030/07/28
1057;371;Submitted;2030/08/04
1058;372;Submitted;2030/08/21
1059;373;Submitted;2030/09/07
1060;374;Submitted;2030/09/24
1061;375;Submitted;2030/10/11
1062;371;In Progress;2030/08/07
1063;371;Resolved;2030/08/14
1064;372;In Progress;2030/08/24
1065;372;Resolved;2030/08/31
1066;373;In Progress;2030/09/10
1067;373;Resolved;2030/09/17
1068;374;In Progress;2030/09/27
1069;374;Resolved;2030/10/04
1070;375;In Progress;2030/10/14
1071;375;Resolved;2030/10/21
1072;376;Submitted;2030/10/28
1073;377;Submitted;2030/11/14
1074;378;Submitted;2030/11/30
1075;379;Submitted;2030/12/17
1076;380;Submitted;2031/01/03
1077;376;In Progress;2030/10/31
1078;376;Resolved;2030/11/07
1079;377;In Progress;2030/11/17
1080;377;Resolved;2030/11/24
1081;378;In Progress;2030/12/03
1082;378;Resolved;2030/12/10
1083;379;In Progress;2030/12/20
1084;379;Resolved;2030/12/27
1085;380;In Progress;2031/01/06
1086;380;Resolved;2031/01/13
1087;381;Submitted;2031/01/20
1088;382;Submitted;2031/02/06
1089;383;Submitted;2031/02/23
1090;384;Submitted;2031/03/12
1091;385;Submitted;2031/03/29
1092;381;In Progress;2031/01/23
1093;381;Resolved;2031/01/30
1094;382;In Progress;2031/02/09
1095;382;Resolved;2031/02/16
1096;383;In Progress;2031/02/26
1097;383;Resolved;2031/03/05
1098;384;In Progress;2031/03/15
1099;384;Resolved;2031/03/22
1100;385;In Progress;2031/04/01
1101;385;Resolved;2031/04/08
1102;386;Submitted;2031/04/15
1103;387;Submitted;2031/05/02
1104;388;Submitted;2031/05/19
1105;389;Submitted;2031/06/05
1106;390;Submitted;2031/06/22
1107;386;In Progress;2031/04/18
1108;386;Resolved;2031/04/25
1109;387;In Progress;2031/05/05
1110;387;Resolved;2031/05/12
1111;388;In Progress;2031/05/22
1112;388;Resolved;2031/05/29
1113;389;In Progress;2031/06/08
1114;389;Resolved;2031/06/15
1115;390;In Progress;2031/06/25
1116;390;Resolved;2031/07/02
1117;391;Submitted;2031/07/09
1118;392;Submitted;2031/07/26
1119;393;Submitted;2031/08/12
1120;394;Submitted;2031/08/29
1121;395;Submitted;2031/09/15
1122;391;In Progress;2031/07/12
1123;391;Resolved;2031/07/19
1124;392;In Progress;2031/07/29
1125;392;Resolved;2031/08/05
1126;393;In Progress;2031/08/15
1127;393;Resolved;2031/08/22
1128;394;In Progress;2031/09/01
1129;394;Resolved;2031/09/08
1130;395;In Progress;2031/09/18
1131;395;Resolved;2031/09/25
1132;396;Submitted;2031/10/02
1133;397;Submitted;2031/10/19
1134;398;Submitted;2031/11/05
1135;399;Submitted;2031/11/22
1136;400;Submitted;2031/12/09
1137;396;In Progress;2031/10/05
1138;396;Resolved;2031/10/12
1139;397;In Progress;2031/10/22
1140;397;Resolved;2031/10/29
1141;398;In Progress;2031/11/08
1142;398;Resolved;2031/11/15
1143;399;In Progress;2031/11/25
1144;399;Resolved;2031/12/02
1145;400;In Progress;2031/12/12
1146;400;Resolved;2031/12/19
1147;401;Submitted;2031/12/26
1148;402;Submitted;2032/01/12
1149;403;Submitted;2032/01/29
1150;404;Submitted;2032/02/15
1151;405;Submitted;2032/03/03
1152;401;In Progress;2031/12/29
1153;401;Resolved;2032/01/05
1154;402;In Progress;2032/01/15
1155;402;Resolved;2032/01/22
1156;403;In Progress;2032/02/01
1157;403;Resolved;2032/02/08
1158;404;In Progress;2032/02/18
1159;404;Resolved;2032/02/25
1160;405;In Progress;2032/03/06
1161;405;Resolved;2032/03/13
1162;406;Submitted;2032/03/20
1163;407;Submitted;2032/04/06
1164;408;Submitted;2032/04/23
1165;409;Submitted;2032/05/10
1166;410;Submitted;2032/05/27
1167;406;In Progress;2032/03/23
1168;406;Resolved;2032/03/30
1169;407;In Progress;2032/04/09
1170;407;Resolved;2032/04/16
1171;408;In Progress;2032/04/26
1172;408;Resolved;2032/05/03
1173;409;In Progress;2032/05/13
1174;409;Resolved;2032/05/20
1175;410;In Progress;2032/05/30
1176;410;Resolved;2032/06/06
1177;411;Submitted;2032/06/13
1178;412;Submitted;2032/06/30
1179;413;Submitted;2032/07/17
1180;414;Submitted;2032/08/03
1181;415;Submitted;2032/08/20
1182;411;In Progress;2032/06/16
1183;411;Resolved;2032/06/23
1184;412;In Progress;2032/07/03
1185;412;Resolved;2032/07/10
1186;413;In Progress;2032/07/20
1187;413;Resolved;2032/07/27
1188;414;In Progress;2032/08/06
1189;414;Resolved;2032/08/13
1190;415;In Progress;2032/08/23
1191;415;Resolved;2032/08/30
1192;416;Submitted;2032/09/06
1193;417;Submitted;2032/09/23
1194;418;Submitted;2032/10/10
1195;419;Submitted;2032/10/27
1196;420;Submitted;2032/11/13
1197;416;In Progress;2032/09/09
1198;416;Resolved;2032/09/16
1199;417;In Progress;2032/09/26
1200;417;Resolved;2032/10/03
1201;418;In Progress;2032/10/13
1202;418;Resolved;2032/10/20
1203;419;In Progress;2032/10/30
1204;419;Resolved;2032/11/06
1205;420;In Progress;2032/11/16
1206;420;Resolved;2032/11/23
1207;421;Submitted;2032/11/30
1208;422;Submitted;2032/12/17
1209;423;Submitted;2033/01/03
1210;424;Submitted;2033/01/20
1211;425;Submitted;2033/02/06
1212;421;In Progress;2032/12/03
1213;421;Resolved;2032/12/10
1214;422;In Progress;2032/12/20
1215;422;Resolved;2032/12/27
1216;423;In Progress;2033/01/06
1217;423;Resolved;2033/01/13
1218;424;In Progress;2033/01/23
1219;424;Resolved;2033/01/30
1220;425;In Progress;2033/02/09
1221;425;Resolved;2033/02/16
1222;426;Submitted;2033/02/23
1223;427;Submitted;2033/03/12
1224;428;Submitted;2033/03/29
1225;429;Submitted;2033/04/15
1226;430;Submitted;2033/05/02
1227;426;In Progress;2033/02/26
1228;426;Resolved;2033/03/05
1229;427;In Progress;2033/03/15
1230;427;Resolved;2033/03/22
1231;428;In Progress;2033/04/01
1232;428;Resolved;2033/04/08
1233;429;In Progress;2033/04/18
1234;429;Resolved;2033/04/25
1235;430;In Progress;2033/05/05
1236;430;Resolved;2033/05/12
1237;431;Submitted;2033/05/19
1238;432;Submitted;2033/06/05
1239;433;Submitted;2033/06/22
1240;434;Submitted;2033/07/09
1241;435;Submitted;2033/07/26
1242;431;In Progress;2033/05/22
1243;431;Resolved;2033/05/29
1244;432;In Progress;2033/06/08
1245;432;Resolved;2033/06/15
1246;433;In Progress;2033/06/25
1247;433;Resolved;2033/07/02
1248;434;In Progress;2033/07/12
1249;434;Resolved;2033/07/19
1250;435;In Progress;2033/07/29
1251;435;Resolved;2033/08/05
1252;436;Submitted;2033/08/12
1253;437;Submitted;2033/08/29
1254;438;Submitted;2033/09/15
1255;439;Submitted;2033/10/02
1256;440;Submitted;2033/10/19
1257;436;In Progress;2033/08/15
1258;436;Resolved;2033/08/22
1259;437;In Progress;2033/09/01
1260;437;Resolved;2033/09/08
1261;438;In Progress;2033/09/18
1262;438;Resolved;2033/09/25
1263;439;In Progress;2033/10/05
1264;439;Resolved;2033/10/12
1265;440;In Progress;2033/10/22
1266;440;Resolved;2033/10/29
1267;441;Submitted;2033/11/05
1268;442;Submitted;2033/11/22
1269;443;Submitted;2033/12/09
1270;444;Submitted;2033/12/26
1271;445;Submitted;2034/01/12
1272;441;In Progress;2033/11/08
1273;441;Resolved;2033/11/15
1274;442;In Progress;2033/11/25
1275;442;Resolved;2033/12/02
1276;443;In Progress;2033/12/12
1277;443;Resolved;2033/12/19
1278;444;In Progress;2033/12/29
1279;444;Resolved;2034/01/05
1280;445;In Progress;2034/01/15
1281;445;Resolved;2034/01/22
1282;446;Submitted;2034/01/29
1283;447;Submitted;2034/02/15
1284;448;Submitted;2034/03/04
1285;449;Submitted;2034/03/21
1286;450;Submitted;2034/04/07
1287;446;In Progress;2034/02/01
1288;446;Resolved;2034/02/08
1289;447;In Progress;2034/02/18
1290;447;Resolved;2034/02/25
1291;448;In Progress;2034/03/07
1292;448;Resolved;2034/03/14
1293;449;In Progress;2034/03/24
1294;449;Resolved;2034/03/31
1295;450;In Progress;2034/04/10
1296;450;Resolved;2034/04/17
1297;451;Submitted;2034/04/24
1298;452;Submitted;2034/05/11
1299;453;Submitted;2034/05/28
1300;454;Submitted;2034/06/14
1301;455;Submitted;2034/07/01
1302;451;In Progress;2034/04/27
1303;451;Resolved;2034/05/04
1304;452;In Progress;2034/05/14
1305;452;Resolved;2034/05/21
1306;453;In Progress;2034/05/31
1307;453;Resolved;2034/06/07
1308;454;In Progress;2034/06/17
1309;454;Resolved;2034/06/24
1310;455;In Progress;2034/07/04
1311;455;Resolved;2034/07/11
1312;456;Submitted;2034/07/18
1313;457;Submitted;2034/08/04
1314;458;Submitted;2034/08/21
1315;459;Submitted;2034/09/07
1316;460;Submitted;2034/09/24
1317;456;In Progress;2034/07/21
1318;456;Resolved;2034/07/28
1319;457;In Progress;2034/08/07
1320;457;Resolved;2034/08/14
1321;458;In Progress;2034/08/24
1322;458;Resolved;2034/08/31
1323;459;In Progress;2034/09/10
1324;459;Resolved;2034/09/17
1325;460;In Progress;2034/09/27
1326;460;Resolved;2034/10/04
1327;461;Submitted;2034/10/11
1328;462;Submitted;2034/10/28
1329;463;Submitted;2034/11/14
1330;464;Submitted;2034/11/30
1331;465;Submitted;2034/12/17
1332;461;In Progress;2034/10/14
1333;461;Resolved;2034/10/21
1334;462;In Progress;2034/10/31
1335;462;Resolved;2034/11/07
1336;463;In Progress;2034/11/17
1337;463;Resolved;2034/11/24
1338;464;In Progress;2034/12/03
1339;464;Resolved;2034/12/10
1340;465;In Progress;2034/12/20
1341;465;Resolved;2034/12/27
1342;466;Submitted;2035/01/03
1343;467;Submitted;2035/01/20
1344;468;Submitted;2035/02/06
1345;469;Submitted;2035/02/23
1346;470;Submitted;2035/03/12
1347;466;In Progress;2035/01/06
1348;466;Resolved;2035/01/13
1349;467;In Progress;2035/01/23
1350;467;Resolved;2035/01/30
1351;468;In Progress;2035/02/09
1352;468;Resolved;2035/02/16
1353;469;In Progress;2035/02/26
1354;469;Resolved;2035/03/05
1355;470;In Progress;2035/03/15
1356;470;Resolved;2035/03/22
1357;471;Submitted;2035/03/29
1358;472;Submitted;2035/04/15
1359;473;Submitted;2035/05/02
1360;474;Submitted;2035/05/19
1361;475;Submitted;2035/06/05
1362;471;In Progress;2035/04/01
1363;471;Resolved;2035/04/08
1364;472;In Progress;2035/04/18
1365;472;Resolved;2035/04/25
1366;473;In Progress;2035/05/05
1367;473;Resolved;2035/05/12
1368;474;In Progress;2035/05/22
1369;474;Resolved;2035/05/29
1370;475;In Progress;2035/06/08
1371;475;Resolved;2035/06/15
1372;476;Submitted;2035/06/22
1373;477;Submitted;2035/07/09
1374;478;Submitted;2035/07/26
1375;479;Submitted;2035/08/12
1376;480;Submitted;2035/08/29
1377;476;In Progress;2035/06/25
1378;476;Resolved;2035/07/02
1379;477;In Progress;2035/07/12
1380;477;Resolved;2035/07/19
1381;478;In Progress;2035/07/29
1382;478;Resolved;2035/08/05
1383;479;In Progress;2035/08/15
1384;479;Resolved;2035/08/22
1385;480;In Progress;2035/09/01
1386;480;Resolved;2035/09/08
1387;481;Submitted;2035/09/15
1388;482;Submitted;2035/10/02
1389;483;Submitted;2035/10/19
1390;484;Submitted;2035/11/05
1391;485;Submitted;2035/11/22
1392;481;In Progress;2035/09/18
1393;481;Resolved;2035/09/25
1394;482;In Progress;2035/10/05
1395;482;Resolved;2035/10/12
1396;483;In Progress;2035/10/22
1397;483;Resolved;2035/10/29
1398;484;In Progress;2035/11/08
1399;484;Resolved;2035/11/15
1400;485;In Progress;2035/11/25
1401;485;Resolved;2035/12/02
1402;486;Submitted;2035/12/09
1403;487;Submitted;2035/12/26
1404;488;Submitted;2036/01/12
1405;489;Submitted;2036/01/29
1406;490;Submitted;2036/02/15
1407;486;In Progress;2035/12/12
1408;486;Resolved;2035/12/19
1409;487;In Progress;2035/12/29
1410;487;Resolved;2036/01/05
1411;488;In Progress;2036/01/15
1412;488;Resolved;2036/01/22
1413;489;In Progress;2036/02/01
1414;489;Resolved;2036/02/08
1415;490;In Progress;2036/02/18
1416;490;Resolved;2036/02/25
1417;491;Submitted;2036/03/03
1418;492;Submitted;2036/03/20
1419;493;Submitted;2036/04/06
1420;494;Submitted;2036/04/23
1421;495;Submitted;2036/05/10
1422;491;In Progress;2036/03/06
1423;491;Resolved;2036/03/13
1424;492;In Progress;2036/03/23
1425;492;Resolved;2036/03/30
1426;493;In Progress;2036/04/09
1427;493;Resolved;2036/04/16
1428;494;In Progress;2036/04/26
1429;494;Resolved;2036/05/03
1430;495;In Progress;2036/05/13
1431;495;Resolved;2036/05/20
1432;496;Submitted;2036/05/27
1433;497;Submitted;2036/06/13
1434;498;Submitted;2036/06/30
1435;499;Submitted;2036/07/17
1436;500;Submitted;2036/08/03
1437;496;In Progress;2036/05/30
1438;496;Resolved;2036/06/06
1439;497;In Progress;2036/06/16
1440;497;Resolved;2036/06/23
1441;498;In Progress;2036/07/03
1442;498;Resolved;2036/07/10
1443;499;In Progress;2036/07/20
1444;499;Resolved;2036/07/27
1445;500;In Progress;2036/08/06
1446;500;Resolved;2036/08/13
